y,中国,台湾,俄罗斯,韩国,日本,印度,越南,新加坡,加拿大,美国,英国,法国,德国,沙特
2000,8.57,6.31,10.0,9.2,2.98,3.84,6.79,9.04,5.14,4.08,4.52,4.14,2.88,4.72
2001,8.32,-1.4,5.1,4.73,0.28,4.82,6.19,-1.07,1.88,0.96,2.39,1.9,1.64,0.34
2002,9.24,5.48,4.7,7.74,0.08,3.8,6.32,3.92,3.0,1.7,1.71,1.07,-0.23,-0.69
2003,10.11,4.22,7.3,3.07,1.38,7.86,6.9,4.55,1.81,2.8,3.22,0.97,-0.53,8.77
2004,10.14,6.95,7.2,5.18,2.11,7.92,7.54,9.94,3.09,3.85,2.33,2.87,1.16,8.63
2005,11.45,5.38,6.4,4.36,1.85,7.92,7.55,7.37,3.21,3.48,2.79,1.89,0.89,5.94
2006,12.68,5.77,8.2,5.25,1.55,8.06,6.98,9.01,2.64,2.78,2.19,2.71,3.87,3.31
2007,14.15,6.85,8.5,5.84,1.73,7.66,7.13,9.02,2.05,2.0,2.93,2.53,2.89,2.21
2008,9.67,0.8,5.2,3.0,-1.17,3.09,5.66,1.86,1.0,0.11,-0.05,0.38,0.89,6.24
2009,9.41,-1.61,-7.8,0.82,-5.94,7.86,5.4,0.13,-2.92,-2.58,-4.59,-2.82,-5.54,-1.07
2010,10.59,10.25,4.5,6.98,4.14,8.5,6.42,14.52,3.09,2.7,2.26,2.0,4.13,5.04
2011,9.46,3.67,4.3,3.69,-0.2,5.24,6.41,6.21,3.14,1.56,0.85,2.44,3.76,11.76
2012,7.86,2.22,4.02,2.55,1.65,5.46,5.5,4.44,1.76,2.29,1.53,0.18,0.46,5.76
2013,7.78,2.48,1.76,3.29,2.0,6.39,5.55,4.82,2.33,2.12,1.72,0.78,0.4,2.95
2014,7.46,4.72,0.74,3.21,0.91,7.41,6.42,3.94,2.87,2.52,3.16,1.0,2.18,4.02
2015,6.98,1.47,-1.97,2.92,1.8,8.0,6.99,2.98,0.65,2.95,2.14,1.07,1.66,4.66
2016,6.77,2.17,0.19,3.17,0.7,8.26,6.69,3.91,1.04,1.82,2.21,0.86,2.22,1.7
2017,6.89,3.66,1.83,3.43,1.62,6.8,6.94,4.33,3.03,2.46,3.02,2.08,2.8,1.18
2018,6.76,2.91,2.81,3.18,0.83,6.45,7.47,3.19,2.74,2.97,1.55,1.65,1.14,3.23
2019,6.07,3.06,2.2,2.31,-0.31,3.87,7.36,1.16,1.91,2.58,1.26,2.03,0.98,1.65
2020,2.34,3.42,-2.65,-0.7,-4.28,-5.78,2.87,-3.61,-5.04,-2.08,-10.05,-7.44,-4.13,-3.8
2021,8.57,6.72,5.87,4.61,3.56,9.69,2.55,10.14,5.95,6.15,8.54,6.88,3.91,6.52
2022,3.13,2.68,-1.44,2.73,1.33,7.61,8.54,4.01,4.7,2.52,5.15,2.72,1.81,12.0
2023,5.42,1.08,4.07,1.58,0.72,7.21,4.98,1.45,1.95,2.93,0.27,1.44,-0.87,0.54
2024,4.96,5.27,4.92,2.0,-0.24,7.1,7.04,5.34,2.05,2.79,1.08,1.19,-0.5,2.65
2025,4.96,8.68,1.0,1.01,1.19,7.57,8.02,5.03,1.74,2.16,1.39,0.84,0.24,4.5
