Entity,Code,Year,Number of births,Projected (Projected)
China,CHN,1950,22293376,
China,CHN,1951,22144814,
China,CHN,1952,25496318,
China,CHN,1953,24139416,
China,CHN,1954,25438544,
China,CHN,1955,25727524,
China,CHN,1956,24364154,
China,CHN,1957,27068472,
China,CHN,1958,24284912,
China,CHN,1959,20310612,
China,CHN,1960,19310830,
China,CHN,1961,16879456,
China,CHN,1962,26826300,
China,CHN,1963,33461050,
China,CHN,1964,30071914,
China,CHN,1965,30064192,
China,CHN,1966,29208554,
China,CHN,1967,27472168,
China,CHN,1968,31649576,
China,CHN,1969,30911420,
China,CHN,1970,31461750,
China,CHN,1971,29670984,
China,CHN,1972,28596626,
China,CHN,1973,27636942,
China,CHN,1974,25594012,
China,CHN,1975,23099724,
China,CHN,1976,22013490,
China,CHN,1977,20323856,
China,CHN,1978,20249288,
China,CHN,1979,21151276,
China,CHN,1980,21674420,
China,CHN,1981,22489544,
China,CHN,1982,24352552,
China,CHN,1983,21682298,
China,CHN,1984,22909692,
China,CHN,1985,24136256,
China,CHN,1986,26044588,
China,CHN,1987,27557082,
China,CHN,1988,26442276,
China,CHN,1989,27234008,
China,CHN,1990,28079116,
China,CHN,1991,22645216,
China,CHN,1992,21066912,
China,CHN,1993,20203478,
China,CHN,1994,19528688,
China,CHN,1995,19003368,
China,CHN,1996,18306560,
China,CHN,1997,17677016,
China,CHN,1998,17187248,
China,CHN,1999,16862872,
China,CHN,2000,17551192,
China,CHN,2001,16586483,
China,CHN,2002,16382375,
China,CHN,2003,16221728,
China,CHN,2004,16461427,
China,CHN,2005,16602725,
China,CHN,2006,16868048,
China,CHN,2007,17202356,
China,CHN,2008,17712990,
China,CHN,2009,18031192,
China,CHN,2010,17912368,
China,CHN,2011,17824404,
China,CHN,2012,19246444,
China,CHN,2013,18297106,
China,CHN,2014,18769424,
China,CHN,2015,17518180,
China,CHN,2016,18329284,
China,CHN,2017,18260492,
China,CHN,2018,15357072,
China,CHN,2019,14615866,
China,CHN,2020,11843469,
China,CHN,2021,10461124,
China,CHN,2022,9455320,
China,CHN,2023,8899881,
China,CHN,2024,,8822056
China,CHN,2025,,8709352
China,CHN,2026,,8625232
China,CHN,2027,,8530091
China,CHN,2028,,8459285
China,CHN,2029,,8387151
China,CHN,2030,,8359513
China,CHN,2031,,8333549
China,CHN,2032,,8336974
China,CHN,2033,,8338014
China,CHN,2034,,8366449
China,CHN,2035,,8417265
China,CHN,2036,,8464500
China,CHN,2037,,8534952
China,CHN,2038,,8599971
China,CHN,2039,,8643084
China,CHN,2040,,8678993
China,CHN,2041,,8690436
China,CHN,2042,,8695917
China,CHN,2043,,8697632
China,CHN,2044,,8641174
China,CHN,2045,,8545851
China,CHN,2046,,8393211
China,CHN,2047,,8191611
China,CHN,2048,,7941431
China,CHN,2049,,7669618
China,CHN,2050,,7371348
China,CHN,2051,,7044724
China,CHN,2052,,6721240
China,CHN,2053,,6413271
China,CHN,2054,,6107186
China,CHN,2055,,5851649
China,CHN,2056,,5615465
China,CHN,2057,,5418375
China,CHN,2058,,5252022
China,CHN,2059,,5128211
China,CHN,2060,,5031775
China,CHN,2061,,4963013
China,CHN,2062,,4925201
China,CHN,2063,,4913203
China,CHN,2064,,4911184
China,CHN,2065,,4918272
China,CHN,2066,,4932884
China,CHN,2067,,4954611
China,CHN,2068,,4976513
China,CHN,2069,,4985306
China,CHN,2070,,4992558
China,CHN,2071,,4999007
China,CHN,2072,,4992985
China,CHN,2073,,4981944
China,CHN,2074,,4947802
China,CHN,2075,,4909046
China,CHN,2076,,4852966
China,CHN,2077,,4781761
China,CHN,2078,,4702299
China,CHN,2079,,4600305
China,CHN,2080,,4494699
China,CHN,2081,,4376994
China,CHN,2082,,4260769
China,CHN,2083,,4139395
China,CHN,2084,,4009650
China,CHN,2085,,3890546
China,CHN,2086,,3769295
China,CHN,2087,,3660162
China,CHN,2088,,3554395
China,CHN,2089,,3464364
China,CHN,2090,,3389728
China,CHN,2091,,3321083
China,CHN,2092,,3260196
China,CHN,2093,,3213529
China,CHN,2094,,3174648
China,CHN,2095,,3145975
China,CHN,2096,,3128414
China,CHN,2097,,3120410
China,CHN,2098,,3111630
China,CHN,2099,,3109207
China,CHN,2100,,3099844