Entity,Code,Year,Total,Total (Projected),Ages 65+,Ages 65+ (Projected),Ages 25-64,Ages 25-64 (Projected),Under-25s (Projected),Under-25s,Under-15s,Under-15s (Projected),Under-5s,Under-5s (Projected)
Taiwan,TWN,1950,7596535,,162932,,2735771,,,4697832,3211805,,1280265,
Taiwan,TWN,1951,7862806,,171992,,2830517,,,4860297,3344250,,1377672,
Taiwan,TWN,1952,8148997,,182633,,2928050,,,5038314,3489024,,1492600,
Taiwan,TWN,1953,8451375,,194287,,3028668,,,5228420,3643466,,1606707,
Taiwan,TWN,1954,8767773,,206106,,3133100,,,5428567,3807877,,1710288,
Taiwan,TWN,1955,9104136,,217825,,3241320,,,5644991,3986209,,1807193,
Taiwan,TWN,1956,9465707,,228472,,3355529,,,5881706,4177937,,1884659,
Taiwan,TWN,1957,9850527,,236705,,3485131,,,6128691,4369471,,1929656,
Taiwan,TWN,1958,10246160,,243246,,3625340,,,6377574,4558266,,1961062,
Taiwan,TWN,1959,10644179,,250053,,3766795,,,6627331,4753351,,1989825,
Taiwan,TWN,1960,11046263,,258522,,3914243,,,6873498,4965250,,2006249,
Taiwan,TWN,1961,11453506,,268036,,4075620,,,7109850,5186660,,2013444,
Taiwan,TWN,1962,11866670,,278838,,4251814,,,7336018,5388194,,2029848,
Taiwan,TWN,1963,12285726,,293047,,4431427,,,7561252,5560748,,2054328,
Taiwan,TWN,1964,12706682,,308492,,4613670,,,7784519,5703338,,2070526,
Taiwan,TWN,1965,13124808,,325043,,4802019,,,7997745,5817255,,2076601,
Taiwan,TWN,1966,13537706,,343506,,4989970,,,8204228,5893067,,2074621,
Taiwan,TWN,1967,13901473,,360627,,5134756,,,8406087,5947675,,2061477,
Taiwan,TWN,1968,14215584,,374804,,5237681,,,8603096,6003999,,2035617,
Taiwan,TWN,1969,14523608,,388891,,5333772,,,8800941,6046616,,2003414,
Taiwan,TWN,1970,14815755,,407211,,5405664,,,9002875,6054109,,1959768,
Taiwan,TWN,1971,15121137,,427773,,5477389,,,9215969,6058773,,1933472,
Taiwan,TWN,1972,15450618,,448234,,5583662,,,9418715,6091012,,1945144,
Taiwan,TWN,1973,15772691,,467952,,5719514,,,9585216,6115696,,1951574,
Taiwan,TWN,1974,16082315,,487742,,5883225,,,9711336,6113001,,1930047,
Taiwan,TWN,1975,16365267,,509747,,6067546,,,9787959,6072700,,1876049,
Taiwan,TWN,1976,16671501,,534603,,6302279,,,9834599,6016052,,1848329,
Taiwan,TWN,1977,17020095,,570072,,6573194,,,9876802,5965603,,1878498,
Taiwan,TWN,1978,17373729,,615322,,6839279,,,9919094,5922575,,1929293,
Taiwan,TWN,1979,17735789,,664227,,7114809,,,9956711,5896044,,1995378,
Taiwan,TWN,1980,18086521,,715271,,7403087,,,9968110,5876154,,2051898,
Taiwan,TWN,1981,18412829,,761083,,7682796,,,9968887,5872898,,2066871,
Taiwan,TWN,1982,18723986,,804207,,7935257,,,9984448,5896718,,2066599,
Taiwan,TWN,1983,19022629,,848415,,8185968,,,9988159,5910824,,2059959,
Taiwan,TWN,1984,19306762,,892625,,8450583,,,9963455,5898811,,2024378,
Taiwan,TWN,1985,19571695,,940978,,8715571,,,9915034,5867695,,1973602,
Taiwan,TWN,1986,19805981,,996877,,8968143,,,9840836,5819174,,1900840,
Taiwan,TWN,1987,20015820,,1056909,,9211610,,,9747159,5764864,,1810008,
Taiwan,TWN,1988,20223658,,1113216,,9455264,,,9655026,5719868,,1736742,
Taiwan,TWN,1989,20418913,,1169456,,9691111,,,9558191,5669205,,1674323,
Taiwan,TWN,1990,20594907,,1232521,,9911685,,,9450541,5599733,,1620220,
Taiwan,TWN,1991,20781752,,1300866,,10129730,,,9350985,5517242,,1609440,
Taiwan,TWN,1992,20982088,,1370052,,10338890,,,9272959,5436415,,1623295,
Taiwan,TWN,1993,21174678,,1439676,,10537468,,,9197332,5355105,,1616780,
Taiwan,TWN,1994,21357145,,1510687,,10735501,,,9110741,5255160,,1607041,
Taiwan,TWN,1995,21534497,,1581131,,10924911,,,9028223,5151483,,1604461,
Taiwan,TWN,1996,21709270,,1648276,,11102503,,,8958243,5052983,,1596992,
Taiwan,TWN,1997,21885332,,1709751,,11269588,,,8905723,4963793,,1592513,
Taiwan,TWN,1998,22049226,,1766646,,11438269,,,8844008,4874962,,1572017,
Taiwan,TWN,1999,22203788,,1827089,,11663232,,,8713138,4737282,,1492020,
Taiwan,TWN,2000,22332873,,1900584,,11877045,,,8554888,4626557,,1416489,
Taiwan,TWN,2001,22446254,,1969247,,12068817,,,8407792,4579312,,1375363,
Taiwan,TWN,2002,22566898,,2026287,,12280968,,,8259189,4519630,,1321190,
Taiwan,TWN,2003,22664130,,2083089,,12479096,,,8101436,4425399,,1266442,
Taiwan,TWN,2004,22745432,,2141886,,12688126,,,7914853,4316036,,1239296,
Taiwan,TWN,2005,22824932,,2205529,,12898819,,,7719940,4207869,,1197465,
Taiwan,TWN,2006,22914644,,2272869,,13119448,,,7521589,4088100,,1123416,
Taiwan,TWN,2007,23006921,,2337880,,13344326,,,7323877,3968002,,1070053,
Taiwan,TWN,2008,23086238,,2397870,,13549386,,,7138041,3848359,,1036493,
Taiwan,TWN,2009,23164353,,2455806,,13743900,,,6963572,3727845,,1011220,
Taiwan,TWN,2010,23224049,,2499495,,13928416,,,6794872,3596869,,980125,
Taiwan,TWN,2011,23273078,,2535549,,14077978,,,6658097,3472716,,957642,
Taiwan,TWN,2012,23345963,,2591783,,14187990,,,6564403,3383807,,967623,
Taiwan,TWN,2013,23416870,,2675362,,14285374,,,6453893,3309920,,982884,
Taiwan,TWN,2014,23472811,,2781522,,14354936,,,6333765,3269191,,993916,
Taiwan,TWN,2015,23529260,,2906159,,14389887,,,6230357,3230892,,1026904,
Taiwan,TWN,2016,23586140,,3057970,,14403420,,,6121683,3167149,,1058430,
Taiwan,TWN,2017,23632950,,3225836,,14399368,,,6004465,3115563,,1047389,
Taiwan,TWN,2018,23659308,,3392804,,14388872,,,5874079,3070237,,1021859,
Taiwan,TWN,2019,23674137,,3566562,,14364805,,,5738919,3029889,,998427,
Taiwan,TWN,2020,23663461,,3753831,,14310178,,,5595020,2987607,,950461,
Taiwan,TWN,2021,23558330,,3937251,,14190196,,,5425457,2927200,,887672,
Taiwan,TWN,2022,23420107,,4101093,,14068700,,,5244311,2854702,,828589,
Taiwan,TWN,2023,23317145,,4267497,,13966922,,,5076717,2785148,,775562,
Taiwan,TWN,2024,,23213964,,4447100,,13797233,4963409,,,2716329,,724690
Taiwan,TWN,2025,,23112797,,4629288,,13617680,4859114,,,2658555,,680481
Taiwan,TWN,2026,,23011292,,4810491,,13467450,4726058,,,2596173,,648623
Taiwan,TWN,2027,,22908338,,4991656,,13299118,4609712,,,2498539,,628479
Taiwan,TWN,2028,,22803796,,5171960,,13112934,4510515,,,2401474,,615367
Taiwan,TWN,2029,,22698328,,5347194,,12921749,4420439,,,2315142,,604579
Taiwan,TWN,2030,,22589952,,5512387,,12733482,4334563,,,2212951,,595726
Taiwan,TWN,2031,,22477193,,5670961,,12546452,4249702,,,2110287,,588119
Taiwan,TWN,2032,,22360542,,5814593,,12372511,4162893,,,2025437,,581494
Taiwan,TWN,2033,,22240588,,5949052,,12202180,4078398,,,1955130,,575535
Taiwan,TWN,2034,,22115329,,6086096,,12020320,3997466,,,1889944,,569711
Taiwan,TWN,2035,,21984720,,6217024,,11825726,3929915,,,1833701,,564017
Taiwan,TWN,2036,,21849947,,6334914,,11643427,3858906,,,1791258,,558792
Taiwan,TWN,2037,,21709389,,6435744,,11507075,3753126,,,1761389,,553816
Taiwan,TWN,2038,,21563595,,6524401,,11376905,3648012,,,1738890,,548816
Taiwan,TWN,2039,,21413103,,6606485,,11237721,3553674,,,1719008,,544125
Taiwan,TWN,2040,,21257133,,6685609,,11111363,3443815,,,1701678,,540097
Taiwan,TWN,2041,,21095738,,6786313,,10957964,3334059,,,1686323,,536510
Taiwan,TWN,2042,,20928647,,6892228,,10775882,3242284,,,1672430,,533276
Taiwan,TWN,2043,,20756526,,6986400,,10585889,3165257,,,1659736,,530840
Taiwan,TWN,2044,,20580532,,7088324,,10378026,3094589,,,1648335,,529282
Taiwan,TWN,2045,,20399185,,7187463,,10158521,3033559,,,1638095,,528248
Taiwan,TWN,2046,,20213914,,7281326,,9925896,2987038,,,1629254,,527850
Taiwan,TWN,2047,,20025034,,7368382,,9681903,2953900,,,1621498,,527904
Taiwan,TWN,2048,,19831995,,7435348,,9444877,2928587,,,1614412,,527982
Taiwan,TWN,2049,,19635199,,7480100,,9222767,2906023,,,1608008,,527819
Taiwan,TWN,2050,,19434600,,7499678,,9019343,2885698,,,1602181,,527091
Taiwan,TWN,2051,,19232508,,7485918,,8844686,2867643,,,1596886,,525747
Taiwan,TWN,2052,,19028534,,7456851,,8682142,2850771,,,1591514,,523460
Taiwan,TWN,2053,,18821695,,7441232,,8504456,2833599,,,1585494,,519676
Taiwan,TWN,2054,,18611288,,7422237,,8327938,2815285,,,1578224,,514150
Taiwan,TWN,2055,,18397869,,7391317,,8161108,2796012,,,1569369,,506956
Taiwan,TWN,2056,,18183723,,7363662,,7990495,2776446,,,1559153,,498325
Taiwan,TWN,2057,,17967683,,7334500,,7821475,2755620,,,1547030,,488321
Taiwan,TWN,2058,,17748708,,7301516,,7655711,2732723,,,1532328,,477234
Taiwan,TWN,2059,,17527202,,7262734,,7494547,2707977,,,1514937,,465368
Taiwan,TWN,2060,,17302549,,7218472,,7337654,2681285,,,1494656,,452857
Taiwan,TWN,2061,,17075497,,7169376,,7185066,2652891,,,1471841,,440261
Taiwan,TWN,2062,,16847107,,7116318,,7036326,2623287,,,1447073,,428216
Taiwan,TWN,2063,,16619256,,7051166,,6900446,2593450,,,1420971,,417295
Taiwan,TWN,2064,,16391753,,6947996,,6803620,2563180,,,1393786,,407682
Taiwan,TWN,2065,,16164376,,6851722,,6701176,2532256,,,1365835,,399466
Taiwan,TWN,2066,,15938473,,6783779,,6571903,2501400,,,1337864,,392719
Taiwan,TWN,2067,,15713392,,6702642,,6457610,2470286,,,1310291,,387215
Taiwan,TWN,2068,,15488699,,6607692,,6358338,2438435,,,1283630,,382743
Taiwan,TWN,2069,,15266328,,6506149,,6267146,2406526,,,1258653,,379361
Taiwan,TWN,2070,,15046432,,6402855,,6180243,2374470,,,1235526,,376870
Taiwan,TWN,2071,,14827453,,6300762,,6094370,2341572,,,1214110,,374800
Taiwan,TWN,2072,,14609391,,6203338,,6006103,2307956,,,1194671,,373001
Taiwan,TWN,2073,,14394127,,6106962,,5919754,2274335,,,1177669,,371466
Taiwan,TWN,2074,,14182105,,6009247,,5837413,2240964,,,1163173,,370071
Taiwan,TWN,2075,,13972862,,5900805,,5767755,2207783,,,1151021,,368801
Taiwan,TWN,2076,,13767785,,5796507,,5694591,2175442,,,1141103,,367792
Taiwan,TWN,2077,,13566733,,5727558,,5588455,2144124,,,1132982,,366896
Taiwan,TWN,2078,,13368751,,5662647,,5481308,2113860,,,1126135,,366009
Taiwan,TWN,2079,,13174839,,5590944,,5382359,2085276,,,1120492,,365263
Taiwan,TWN,2080,,12986209,,5538353,,5267520,2058972,,,1116067,,364688
Taiwan,TWN,2081,,12802197,,5490485,,5150898,2034790,,,1112390,,364184
Taiwan,TWN,2082,,12622872,,5430507,,5049163,2012965,,,1109236,,363748
Taiwan,TWN,2083,,12448353,,5363206,,4958789,1993611,,,1106389,,363279
Taiwan,TWN,2084,,12277380,,5296913,,4870775,1976164,,,1103354,,362495
Taiwan,TWN,2085,,12110728,,5227834,,4789506,1960919,,,1100251,,361423
Taiwan,TWN,2086,,11949344,,5152390,,4720045,1947933,,,1097263,,360107
Taiwan,TWN,2087,,11791998,,5069073,,4661222,1936338,,,1094015,,358389
Taiwan,TWN,2088,,11637433,,4979510,,4607818,1925256,,,1090108,,356075
Taiwan,TWN,2089,,11486128,,4890897,,4555628,1914626,,,1085598,,353244
Taiwan,TWN,2090,,11337892,,4804271,,4504788,1904198,,,1080373,,349939
Taiwan,TWN,2091,,11193103,,4718149,,4455406,1893832,,,1074408,,346150
Taiwan,TWN,2092,,11052306,,4633911,,4407576,1883522,,,1067820,,341985
Taiwan,TWN,2093,,10914503,,4552380,,4360457,1872699,,,1060360,,337482
Taiwan,TWN,2094,,10779228,,4473828,,4313896,1861053,,,1051853,,332631
Taiwan,TWN,2095,,10646427,,4398055,,4268084,1848623,,,1042341,,327491
Taiwan,TWN,2096,,10516282,,4324901,,4223123,1835585,,,1031941,,322302
Taiwan,TWN,2097,,10388285,,4254207,,4178756,1821719,,,1020613,,317076
Taiwan,TWN,2098,,10262232,,4187155,,4134799,1806991,,,1008392,,311824
Taiwan,TWN,2099,,10138467,,4126874,,4091663,1791714,,,995581,,306751
Taiwan,TWN,2100,,10016994,,4065769,,4049660,1775938,,,982377,,301946